"id","price"
"1264245311447409","R$ 189.99"
"3966027624568095","R$ 169.99"
"4287533679374681","R$ 99.99"
"8433253817603823","R$ 159.99"
"4766691082958479","R$ 199.99"
"6541694710199132","R$ 389.99"
"1672276412473546","R$ 449.99"
"7074022003286891","R$ 129.99"
"9945090291657607","R$ 129.99"
"1986507497245855","R$ 329.99"
"6813049027732424","R$ 209.99"
"6987106260184917","R$ 249.99"
"8777119138977165","R$ 339.99"
"2993802121734437","R$ 189.99"
"9391499505353119","R$ 89.99"
"3187552123760783","R$ 119.99"
"6518795368848399","R$ 139.99"
"5917561423028882","R$ 59.99"
"1191419068589057","R$ 249.99"
"0849526920407308","R$ 229.99"
"9515991919191913","R$ 239.99"
"3565483215835745","R$ 79.99"
"0559444832656027","R$ 499.99"
"7871117020650300","R$ 549.99"
"9858182680805285","R$ 529.99"
"9063681354179554","R$ 79.99"
"1784888885664924","R$ 269.99"
"1128064047560286","R$ 149.99"
"4622222082537638","R$ 149.99"
"3358318885423487","R$ 159.99"
"6486542869200134","R$ 249.99"
"7875327981797945","R$ 239.99"
"2085060265064533","R$ 109.99"
"4257084263851600","R$ 289.99"
"7872684445827488","R$ 69.99"
"8352088291589490","R$ 229.99"
"4682554768279232","R$ 419.99"
"4037435865163677","R$ 179.99"
"6710069807392004","R$ 119.99"
"2579817197059288","R$ 199.99"
"2737908467882838","R$ 109.99"
"8039700314377463","R$ 129.99"
"2405592084004060","R$ 239.99"
"1479112916736155","R$ 79.99"
"0397589538749760","R$ 609.99"
"3528433747930971","R$ 189.99"
"6188801324028462","R$ 79.99"
"5966302734468556","R$ 1209.99"
"9507482030932090","R$ 199.99"
"4589353252870056","R$ 199.99"
"8071330594161463","R$ 489.99"
"4208282768370549","R$ 129.99"
"7845729319276298","R$ 199.99"
"2108751853579744","R$ 209.99"
"5560290116087223","R$ 119.99"
"5701064443811359","R$ 349.99"
"5992586300117490","R$ 789.99"
"6222285820065704","R$ 189.99"
"3969107540789619","R$ 269.99"
"9735777841523473","R$ 209.99"
"8084586535210681","R$ 99.99"
"9039654032844595","R$ 159.99"
"3477277299902727","R$ 259.99"
"8384750841064275","R$ 189.99"
"7195919588435663","R$ 169.99"
"9715341763356470","R$ 99.99"
"5503983543902439","R$ 89.99"
"3625738065117923","R$ 109.99"
"1537744962215348","R$ 99.99"
"8076543510850679","R$ 239.99"
"5935053351757731","R$ 159.99"
"9005794683207630","R$ 529.99"
"2239856850525941","R$ 119.99"
"0215432691744968","R$ 69.99"
"9989014368071742","R$ 519.99"
"1135190223085292","R$ 139.99"
"6575893532354615","R$ 199.99"
"8080092510597077","R$ 179.99"
"0193993943518515","R$ 129.99"
"9142009030485898","R$ 99.99"
"4806183604335807","R$ 279.99"
"4524142061413797","R$ 79.99"
"8011651674843545","R$ 199.99"
"8598120741427595","R$ 119.99"
"2333223019345789","R$ 599.99"
"4676531217873104","R$ 199.99"
"7880802324805670","R$ 149.99"
"9037624137282771","R$ 189.99"
"9216582681932204","R$ 249.99"
"0743976542801594","R$ 109.99"
"6409776925877484","R$ 389.99"
"2854489326845124","R$ 169.99"
"9997164438781236","R$ 149.99"
"0859871902272933","R$ 1039.99"
"2881829749414791","R$ 529.99"
"6756848331093002","R$ 89.99"
"5955173460478613","R$ 119.99"
"6594611190100994","R$ 219.99"
"4701145028660512","R$ 229.99"
"2567706233195253","R$ 139.99"
"3390244835901180","R$ 109.99"
"8917204206174298","R$ 589.99"
"1293722321796745","R$ 119.99"
"8121563316705254","R$ 159.99"
"3022908761329766","R$ 99.99"
"0379611586335068","R$ 79.99"
"2553625427867030","R$ 99.99"
"0827844541799062","R$ 409.99"
"9586876854000267","R$ 259.99"
"6251916303342852","R$ 89.99"
"2988330979897844","R$ 259.99"
"2043727719068382","R$ 119.99"
"4779946135367293","R$ 249.99"
"8140791917821670","R$ 379.99"
"3711965786286537","R$ 119.99"
"3347720533133293","R$ 139.99"
"9819623876744402","R$ 179.99"
"2460989642595058","R$ 179.99"
"8293826248318123","R$ 99.99"
"8643713734294814","R$ 389.99"
"2933851496512872","R$ 179.99"
"8837981698254113","R$ 239.99"
"5687633245662846","R$ 789.99"
"6135930905699670","R$ 79.99"
"9070640952915421","R$ 699.99"
"1927361725897619","R$ 109.99"
"7996880447216827","R$ 239.99"
"1744775357142828","R$ 259.99"
"4197436263022452","R$ 159.99"
"1675128690395060","R$ 339.99"
"4317024557998386","R$ 79.99"
"2912143024190823","R$ 249.99"
"2609147117472310","R$ 89.99"
"3648274686758295","R$ 129.99"
"7319771616397860","R$ 349.99"
"6336982516156578","R$ 379.99"
"3696664465027284","R$ 89.99"
"5523812265087729","R$ 169.99"
"3869392992690250","R$ 129.99"
"7784046270377976","R$ 99.99"
"9695963409782290","R$ 439.99"
"4483010120765743","R$ 109.99"
"3336157565110364","R$ 189.99"
"2950777957392802","R$ 169.99"
"9810513174279040","R$ 59.99"
"3807015788426717","R$ 89.99"
"6174407141076970","R$ 189.99"
"7610079632116948","R$ 149.99"
"1336213066807595","R$ 149.99"
"1929413951180833","R$ 69.99"
"1414167979912594","R$ 99.99"
"2905387780914035","R$ 289.99"
"0573213229582666","R$ 219.99"
"0205607473759382","R$ 129.99"
"7849046796943256","R$ 139.99"
"6088872699915805","R$ 59.99"
"8532040162815431","R$ 99.99"
"2839655831206822","R$ 99.99"
"6012610394772768","R$ 649.99"
"1805189444568637","R$ 89.99"
"1797287831706059","R$ 149.99"
"9721821019667466","R$ 239.99"
"7304806142295279","R$ 149.99"
"9587522420938157","R$ 159.99"
"6599361283719804","R$ 169.99"
"1687313273801556","R$ 279.99"
"9834581620735343","R$ 69.99"
"9475178902880181","R$ 359.99"
"0938246835569498","R$ 739.99"
"4593726209260522","R$ 509.99"
"0840657691511138","R$ 219.99"
"4468632209649122","R$ 149.99"
"8005136976046971","R$ 129.99"
"0409503057871213","R$ 379.99"
"7105785421032445","R$ 179.99"
"0779594522723043","R$ 109.99"
"6068013940047837","R$ 479.99"
"2515031082089288","R$ 229.99"
"1888011385686400","R$ 69.99"
"9408769970073123","R$ 379.99"
"6916512133437021","R$ 119.99"
"6042243459633428","R$ 299.99"
"2514212599697200","R$ 249.99"
"5852478213221606","R$ 89.99"
"3353207925456557","R$ 79.99"
"1846241989931787","R$ 149.99"
"0743712247626888","R$ 149.99"
"4435953249058448","R$ 249.99"
"3102863298342574","R$ 299.99"
"7850866609004066","R$ 89.99"
"2870259473665200","R$ 1199.99"
"3827031426276507","R$ 79.99"
"4474750044699152","R$ 69.99"
"6978690241367342","R$ 59.99"
"9536672548678672","R$ 89.99"
"8505870281011533","R$ 199.99"
"2013300057151498","R$ 299.99"
"9180460722431421","R$ 69.99"
"5145203412535994","R$ 229.99"
"3902161856155990","R$ 79.99"
"5558830493869244","R$ 119.99"
"5161713267053569","R$ 119.99"
"6508486564918872","R$ 1189.99"
"8284478898682069","R$ 239.99"
"3620970178884464","R$ 509.99"
"1628948287081551","R$ 139.99"
"7267630342688460","R$ 159.99"
"3343757670948246","R$ 249.99"
"9129645727537292","R$ 239.99"
"3122137294569587","R$ 189.99"
"7838730514824327","R$ 449.99"
"9997912966522891","R$ 359.99"
"8066026105783105","R$ 79.99"
"2349624959438905","R$ 199.99"
"9525099260670449","R$ 69.99"
"2096796262446873","R$ 69.99"
"1299874067680040","R$ 389.99"
"1751361033236172","R$ 109.99"
"3285469578384419","R$ 159.99"
"2820929780647119","R$ 189.99"
"8195283486538550","R$ 79.99"
"6574060914943264","R$ 89.99"
"9191839269927077","R$ 119.99"
"4917543532645695","R$ 249.99"
"3539854640646846","R$ 129.99"
"6679436460929345","R$ 119.99"
"9475510299666479","R$ 69.99"
"4462987170312888","R$ 99.99"
"6734368350386915","R$ 119.99"
"5933941497908723","R$ 119.99"
"2398422278315064","R$ 139.99"
"1121156194785970","R$ 69.99"
"2981052186137514","R$ 169.99"
"3789714378031957","R$ 109.99"
"6038960494329960","R$ 129.99"
"0999454402992444","R$ 89.99"
"6735444022713094","R$ 79.99"
"2728169892800781","R$ 139.99"
"1554067031431240","R$ 159.99"
"1579092957538951","R$ 59.99"
"3983368790676275","R$ 1069.99"
"3817728242590808","R$ 169.99"
"6899960274175660","R$ 229.99"
"8321209656630225","R$ 109.99"
"4463804523598434","R$ 79.99"
"4040773234610241","R$ 169.99"
"9398438504957364","R$ 169.99"
"4012577630825784","R$ 99.99"
"8532465583997339","R$ 109.99"
"1784791424591943","R$ 119.99"
"0687211269503457","R$ 79.99"
"3523274582601025","R$ 769.99"
"8045582336750020","R$ 69.99"
"7430210999590560","R$ 99.99"
"3918669415357720","R$ 169.99"
"6899544809391653","R$ 69.99"
"2611402861795441","R$ 109.99"
"9886480392426923","R$ 59.99"
"3388119509403204","R$ 999.99"
"7346472277845853","R$ 159.99"
"6332730628839715","R$ 369.99"
"8969157736834784","R$ 99.99"
"1380541481938309","R$ 329.99"
"3676763728882953","R$ 279.99"
"9987153330760373","R$ 99.99"
"6272034449947666","R$ 289.99"
"1812681764653094","R$ 109.99"
"9855757718996600","R$ 209.99"
"4472509264570627","R$ 79.99"
"9776983131209379","R$ 179.99"
"3516557824932388","R$ 89.99"
"0761540601739998","R$ 179.99"
"8046790107696247","R$ 209.99"
"1665360127592636","R$ 99.99"
"7546211053969731","R$ 99.99"
"5035777239833932","R$ 119.99"
"2967203081669563","R$ 189.99"
"1809657112205333","R$ 79.99"
"9034249894756645","R$ 89.99"
"2516491177271983","R$ 79.99"
"6545455120846311","R$ 219.99"
"9646049342586334","R$ 69.99"
"1385551388572501","R$ 459.99"
"3696234871335246","R$ 129.99"
"8696401802443786","R$ 79.99"
"3200153680897283","R$ 119.99"
"0362882381721022","R$ 519.99"
"9578032762816455","R$ 159.99"
"3730524380797301","R$ 389.99"
"9806981522399732","R$ 809.99"
"6629030780705704","R$ 109.99"
"8545175482239753","R$ 89.99"
"7037331299214227","R$ 149.99"
"1050504561689989","R$ 99.99"
"8038065627579270","R$ 199.99"
"6824470772407154","R$ 149.99"
"4877317403616557","R$ 139.99"
"1154223710750323","R$ 109.99"
"4317985396671762","R$ 259.99"
"1588739069584642","R$ 239.99"
"9491782897050654","R$ 89.99"
"8556639561758937","R$ 339.99"
"4400838520522754","R$ 169.99"
"7726811104316051","R$ 189.99"
"1316151736092092","R$ 109.99"
"2981305148040852","R$ 309.99"
"0459269798482989","R$ 109.99"
"2221997942653141","R$ 79.99"
"5867012249738201","R$ 109.99"
"0198285335657590","R$ 69.99"
"3883275042420717","R$ 339.99"
"6202394855620322","R$ 219.99"
"0695838787855953","R$ 99.99"
"6480563081888489","R$ 79.99"
"4762311491791957","R$ 129.99"
"6438931595121722","R$ 389.99"
"1385016429412804","R$ 99.99"
"7042983821472390","R$ 129.99"
"1018057034417122","R$ 209.99"
"2772075644747735","R$ 349.99"
"2380878618492063","R$ 629.99"
"5189183871518468","R$ 129.99"
"5975766232282285","R$ 149.99"
"4139890021046835","R$ 129.99"
"8548379619331973","R$ 209.99"
"5402779154668267","R$ 169.99"
"4225945763170609","R$ 69.99"
"4917337713338882","R$ 239.99"
"6686983139238731","R$ 169.99"
"6336213813316604","R$ 99.99"
"1910762482231766","R$ 169.99"
"3713546179927477","R$ 199.99"
"1378226898642641","R$ 199.99"
"2529989864993406","R$ 219.99"
"4028377633362007","R$ 229.99"
"1166818372332712","R$ 599.99"
"5738952388554976","R$ 289.99"
"3588017879999079","R$ 259.99"
"5508852915604554","R$ 249.99"
"0536227127836912","R$ 159.99"
"4132761845386846","R$ 79.99"
"1705130376291279","R$ 579.99"
"0166880089750867","R$ 89.99"
"5434753696436046","R$ 339.99"
"6864388750686826","R$ 99.99"
"9774598296461214","R$ 69.99"
"1538696823374413","R$ 219.99"
"9398122205879602","R$ 119.99"
"5951829252830586","R$ 239.99"
"7622323918828310","R$ 89.99"
"9238309176335173","R$ 569.99"
"1100997526190625","R$ 119.99"
"4667603320398589","R$ 79.99"
"3542877242157923","R$ 279.99"
"1225040414435184","R$ 419.99"
"2897793193138522","R$ 219.99"
"6621833710723287","R$ 79.99"
"7643175155155283","R$ 109.99"
"0735126371268937","R$ 149.99"
"0353509707795834","R$ 139.99"
"9007135357313578","R$ 199.99"
"7516099989562895","R$ 109.99"
"2392704365088986","R$ 79.99"
"6593546163422557","R$ 99.99"
"8512022731973301","R$ 159.99"
"6278805273429104","R$ 89.99"
"3116068718317923","R$ 369.99"
"6071951460045829","R$ 79.99"
"2072683969130666","R$ 149.99"
"4934039129402166","R$ 239.99"
"4082161170594520","R$ 89.99"
"1667440442125090","R$ 159.99"
"1916051378650824","R$ 79.99"
"2604559799821508","R$ 239.99"
"7758242929281391","R$ 159.99"
"5783590827563447","R$ 89.99"
"1602203726459104","R$ 129.99"
"7143662229173604","R$ 189.99"
"1580829611338916","R$ 119.99"
"8609561445632981","R$ 339.99"
"6397466637720367","R$ 159.99"
"7512091825223908","R$ 259.99"
"7126732018452074","R$ 89.99"
"4018867092554813","R$ 59.99"
"7992045724058968","R$ 79.99"
"4214698380801559","R$ 209.99"
"3067579994809171","R$ 119.99"
"5619666812011158","R$ 69.99"
"3602157496346301","R$ 109.99"
"4932460728265704","R$ 99.99"
"6062306798330746","R$ 149.99"
"5173771185011216","R$ 219.99"
"8022169026781726","R$ 109.99"
"8768597946993718","R$ 79.99"
"8867718102404203","R$ 139.99"
"2343891855804487","R$ 189.99"
"9159856117998240","R$ 469.99"
"4881916195586630","R$ 119.99"
"6394091121520753","R$ 79.99"
"2902790958747662","R$ 249.99"
"6491938823079952","R$ 269.99"
"2333783254647552","R$ 189.99"
"3646326233129297","R$ 59.99"
"0829853772395776","R$ 139.99"
"0533248985829095","R$ 149.99"
"9517053432808556","R$ 69.99"
"4048666476835234","R$ 129.99"
"0335672387612002","R$ 79.99"
"6483521829344937","R$ 79.99"
"4668030375078873","R$ 89.99"
"4971533701707554","R$ 139.99"
"0902219341056544","R$ 99.99"
"1145564533769957","R$ 259.99"
"1580504467667001","R$ 189.99"
"6415094344081490","R$ 139.99"
"9846050711264460","R$ 89.99"
"3340721420057731","R$ 159.99"
"4339236459977269","R$ 179.99"
"4851828162344426","R$ 189.99"
"1012754629108036","R$ 159.99"
"7387252580065423","R$ 59.99"
"7574200639905437","R$ 99.99"
"8859116973023573","R$ 89.99"
"0151427831151281","R$ 89.99"
"6855814853511992","R$ 79.99"
"5953874454158352","R$ 89.99"
"5702333994545251","R$ 149.99"
"5882210616768121","R$ 59.99"
"6930312459838518","R$ 119.99"
"6237975714364925","R$ 169.99"
"0476511621957446","R$ 419.99"
"7235283239932946","R$ 369.99"
"7070843816144375","R$ 199.99"
"9838117769355810","R$ 89.99"
"1465280387128296","R$ 79.99"
"5201870325799762","R$ 209.99"
"4811109833441828","R$ 119.99"
"3364749654555372","R$ 1169.99"
"5243110423560036","R$ 369.99"
"8785631270076310","R$ 169.99"
"6838346690099188","R$ 229.99"
"8740767787797767","R$ 139.99"
"0221365580563786","R$ 89.99"
"2870266493221371","R$ 79.99"
"6863702175633746","R$ 109.99"
"5683294613680118","R$ 119.99"
"1788558202441436","R$ 259.99"
"1706686849347946","R$ 449.99"
"8582494234198653","R$ 129.99"
"1701573182262395","R$ 129.99"
"4405615781256134","R$ 109.99"
"3373099014573577","R$ 89.99"
"1734628007746882","R$ 149.99"
"1221453548631705","R$ 219.99"
"1830696750103721","R$ 509.99"
"4577713679171419","R$ 299.99"
"0588783597276138","R$ 249.99"
"7213851225523152","R$ 99.99"
"7930482833434369","R$ 249.99"
"2043781686461087","R$ 259.99"
"0159820782495507","R$ 139.99"
"3841241256150682","R$ 69.99"
"8073304384186045","R$ 99.99"
"3859516661763069","R$ 59.99"
"6350727983613676","R$ 279.99"
"9625147243041079","R$ 289.99"
"4873821340237556","R$ 139.99"
"8269877129734792","R$ 89.99"
"6351297768562728","R$ 179.99"
"0355627638804501","R$ 229.99"
"7201887407276954","R$ 539.99"
"0453302698642062","R$ 79.99"
"3070626086140846","R$ 129.99"
"8545272670083322","R$ 79.99"
"0469674343072845","R$ 79.99"
"6326389659021804","R$ 339.99"
"4365819373186315","R$ 189.99"
"3298329495878273","R$ 79.99"
"3248949269788374","R$ 149.99"
"3196515329212812","R$ 69.99"
"4793020426533665","R$ 99.99"
"8303174178077179","R$ 169.99"
"4240331266767264","R$ 399.99"
"4498800401117721","R$ 99.99"
"9484317744723846","R$ 139.99"
"0049009375348333","R$ 169.99"
"8845009914848190","R$ 59.99"
"5364131452223026","R$ 69.99"
"9547029106230978","R$ 149.99"
"5097815677216093","R$ 149.99"
"2729348004230268","R$ 709.99"
"4607339488463383","R$ 129.99"
"4284626529372717","R$ 159.99"
"3198262156735685","R$ 199.99"
"2651173905579894","R$ 139.99"
"3063289533445768","R$ 89.99"
"8176459604712074","R$ 379.99"
"9891483736027487","R$ 179.99"
"8646925008348028","R$ 89.99"
"5228004292801046","R$ 139.99"
"7234365937751698","R$ 369.99"
"6482891914224575","R$ 149.99"
"7173930508273222","R$ 119.99"
"2629713730355029","R$ 1199.99"
"9895378592040583","R$ 119.99"
"6648556292531684","R$ 159.99"
"5439408921814533","R$ 319.99"
"6892872366890408","R$ 139.99"
"5963526504887673","R$ 159.99"
"2743007346848043","R$ 119.99"
"3753235229795781","R$ 69.99"
"8124728734188308","R$ 99.99"
"0614371729617311","R$ 309.99"
"3823361549996947","R$ 109.99"
"0521675738083333","R$ 79.99"
"7658037373303390","R$ 169.99"
"4599891744866850","R$ 379.99"
"8822880328199706","R$ 199.99"
"0955733888120099","R$ 379.99"
"4236359578789784","R$ 69.99"
"7800889874407692","R$ 569.99"
"0329619723270983","R$ 399.99"
"7257890990534977","R$ 89.99"
"5286316227334363","R$ 169.99"
"4673744431931788","R$ 139.99"
"5666017571905116","R$ 129.99"
"3401106536792341","R$ 119.99"
"8684378017875492","R$ 309.99"
"8130984452254468","R$ 229.99"
"4178955360356780","R$ 169.99"
"8348554402720184","R$ 119.99"
"2058950927951839","R$ 229.99"
"1752582872162221","R$ 89.99"
"5088473889591084","R$ 79.99"
"1252536621078384","R$ 129.99"
"0997187776142242","R$ 109.99"
"2773608439718289","R$ 89.99"
"0542146941414861","R$ 59.99"
"2637281340538500","R$ 139.99"
"5232304192657333","R$ 169.99"
"6746096334292668","R$ 859.99"
"3191150625677440","R$ 119.99"
"5445472483423147","R$ 109.99"
"2438872022990706","R$ 69.99"
"7591015877620063","R$ 429.99"
"9713343446017297","R$ 69.99"
"3383119942004644","R$ 679.99"
"7510680808513999","R$ 89.99"
"8079709299637496","R$ 609.99"
"3585936415772801","R$ 129.99"
"4534932579818604","R$ 169.99"
"9098537270272583","R$ 139.99"
"0698343602484819","R$ 129.99"
"4712085964528173","R$ 1039.99"
"7628162987480849","R$ 69.99"
"9650278798430408","R$ 139.99"
"7080408247334747","R$ 619.99"
"8406383165707136","R$ 79.99"
"9886517427180417","R$ 159.99"
"0282773523306054","R$ 69.99"
"6736782277907992","R$ 139.99"
"0502714216383833","R$ 129.99"
"4820772987766855","R$ 99.99"
"9589254267001267","R$ 169.99"
"4996431773480998","R$ 159.99"
"1038521978220318","R$ 69.99"
"2668978545179118","R$ 259.99"
"3341629343135509","R$ 189.99"
"0388132877847066","R$ 209.99"
"1245153762519587","R$ 729.99"
"3411323439889947","R$ 199.99"
"9828168938551714","R$ 119.99"
"7951862144706630","R$ 169.99"
"2309975964082647","R$ 89.99"
"8273744900098647","R$ 89.99"
"8151008287922034","R$ 89.99"
"5910335571876042","R$ 99.99"
"6076115980851094","R$ 119.99"
"0349861531912810","R$ 59.99"
"3623625851832931","R$ 129.99"
"9067417711251134","R$ 349.99"
"6523819633992975","R$ 129.99"
"7684299925313126","R$ 299.99"
"4520410328128829","R$ 609.99"
"5621767107763216","R$ 59.99"
"1591948972409151","R$ 89.99"
"1279880725154124","R$ 639.99"
"8757704926663688","R$ 239.99"
"8227959538640578","R$ 249.99"
"9364159046228989","R$ 69.99"
"8146929964859425","R$ 159.99"
"3816220733456971","R$ 259.99"
"2998535148098770","R$ 109.99"
"1656066018954454","R$ 159.99"
"0047944515940195","R$ 109.99"
"6323240976090394","R$ 99.99"
"2606962770563187","R$ 259.99"
"6088083759412840","R$ 79.99"
"0322951991666500","R$ 89.99"
"6910002011446764","R$ 109.99"
"5970337503568672","R$ 269.99"
"6646641223223462","R$ 209.99"
"5137737726809410","R$ 139.99"
"1445370963387734","R$ 139.99"
"1238550377525127","R$ 359.99"
"2267295125215005","R$ 489.99"
"0255788820127731","R$ 149.99"
"4874977791549961","R$ 99.99"
"6306074275429757","R$ 579.99"
"0321063069035410","R$ 89.99"
"5338245072138061","R$ 349.99"
"5018552950102170","R$ 109.99"
"2519546805830304","R$ 479.99"
"9777129768381471","R$ 169.99"
"4759988400236892","R$ 229.99"
"4619464731303791","R$ 79.99"
"4726211435620395","R$ 109.99"
"1030391899221332","R$ 349.99"
"7870049374745029","R$ 119.99"
"7392112045958448","R$ 349.99"
"1744203810773367","R$ 129.99"
"7568854667779699","R$ 89.99"
"5411018084294018","R$ 219.99"
"9127385138520321","R$ 149.99"
"6528356328339267","R$ 99.99"
"6238651801717291","R$ 69.99"
"3989294179280774","R$ 89.99"
"0709188175988425","R$ 89.99"
"0034757776059732","R$ 489.99"
"0419924514643610","R$ 59.99"
"3827380909284404","R$ 149.99"
"9076969644578771","R$ 449.99"
"1372929716627774","R$ 149.99"
"6238611581906960","R$ 159.99"
"9427203619745212","R$ 459.99"
"3046025712046651","R$ 89.99"
"7949797963066251","R$ 169.99"
"8797752695206509","R$ 159.99"
"0263962964588281","R$ 179.99"
"7756815144538185","R$ 109.99"
"3210555861800916","R$ 219.99"
"4532726499194322","R$ 69.99"
"7789769108064972","R$ 359.99"
"8638819350612855","R$ 219.99"
"2391691949374583","R$ 119.99"
"5892414046204256","R$ 279.99"
"1862818756435180","R$ 129.99"
"9867307452243948","R$ 389.99"
"7971238949359491","R$ 79.99"
"6476602587364797","R$ 209.99"
"8155797908621854","R$ 109.99"
"0096665823310510","R$ 99.99"
"1669402070351100","R$ 159.99"
"1602885598151635","R$ 189.99"
"3272934006564573","R$ 99.99"
"5887569055611458","R$ 349.99"
"3899213642780759","R$ 119.99"
"5835793963020826","R$ 69.99"
"5912750647574278","R$ 89.99"
"9923964965580645","R$ 149.99"
"0150057997511160","R$ 149.99"
"0271127697248619","R$ 199.99"
"5059567108992610","R$ 229.99"
"9162920191939994","R$ 209.99"
"4417899199725332","R$ 189.99"
"9765030426787528","R$ 99.99"
"2391939711723078","R$ 569.99"
"5589537658432623","R$ 109.99"
"5340412277154044","R$ 129.99"
"0416653822857525","R$ 79.99"
"7820733739226587","R$ 129.99"
"0478806651326183","R$ 69.99"
"4907718991407567","R$ 129.99"
"8704423238091510","R$ 189.99"
"7015587685961330","R$ 139.99"
"4307678144262143","R$ 99.99"
"3367357518283278","R$ 159.99"
"5097779217694859","R$ 109.99"
"3324571937463789","R$ 89.99"
"7909269016011908","R$ 59.99"
"0564236975679021","R$ 239.99"
"9354736625559188","R$ 159.99"
"6473069463724940","R$ 99.99"
"0579012563724659","R$ 119.99"
"5307661878591036","R$ 189.99"
"7121044241528875","R$ 109.99"
"6495127443270427","R$ 79.99"
"7357068576878370","R$ 309.99"
"4455859966047827","R$ 129.99"
"2647158208506184","R$ 99.99"
"0719809165531363","R$ 99.99"
"2028909442556089","R$ 189.99"
"3660371003040417","R$ 389.99"
"5320407126458263","R$ 109.99"
"7952796596847388","R$ 339.99"
"4976985174982434","R$ 69.99"
"2107642972522414","R$ 329.99"
"7177416552155046","R$ 89.99"
"7768784943762834","R$ 159.99"
"9888545083361634","R$ 219.99"
"3200427302943510","R$ 179.99"
"5925974845291877","R$ 169.99"
"6234995233678777","R$ 169.99"
"9620261194094583","R$ 139.99"
"4662935077438884","R$ 169.99"
"7152014335298322","R$ 139.99"
"5925213007127774","R$ 129.99"
"1572364025573845","R$ 79.99"
"4989045819599766","R$ 159.99"
"7377767710954973","R$ 399.99"
"1799908061315632","R$ 59.99"
"9101102557204622","R$ 99.99"
"8379623712266513","R$ 119.99"
"4869379490133513","R$ 59.99"
"6429704819094599","R$ 59.99"
"9818995548107811","R$ 79.99"
"0322860959827035","R$ 69.99"
"0308598745888156","R$ 59.99"
"6632437637313457","R$ 79.99"
"9563893772202786","R$ 339.99"
"4248405646986153","R$ 169.99"
"3858959241100343","R$ 129.99"
"5106164204354068","R$ 429.99"
"2579251315308024","R$ 59.99"
"3103553635318643","R$ 219.99"
"5587090680529294","R$ 159.99"
"3119017238806423","R$ 239.99"
"9103870828984863","R$ 199.99"
"1700662486140558","R$ 109.99"
"9004351504085842","R$ 119.99"
"5184036279590530","R$ 89.99"
"9114736285393398","R$ 329.99"
"4346096685898675","R$ 249.99"
"5537070810121629","R$ 279.99"
"8612835168483409","R$ 139.99"
"4600980854957155","R$ 299.99"
"6374251633086552","R$ 229.99"
"1425642216743565","R$ 89.99"
"8446784156531154","R$ 169.99"
"3673675288305083","R$ 479.99"
"0268631920684091","R$ 119.99"
"3797567419118419","R$ 89.99"
"6610897481034883","R$ 59.99"
"3653209203355114","R$ 119.99"
"6834817960864517","R$ 79.99"
"9330714374804895","R$ 119.99"
"4451970548960018","R$ 89.99"
"5002894739883726","R$ 149.99"
"6464971427012176","R$ 709.99"
"8946805950268277","R$ 79.99"
"2242314423151598","R$ 259.99"
"8889566233508069","R$ 119.99"
"5221363300265186","R$ 149.99"
"9820837405823902","R$ 69.99"
"1693404438737785","R$ 249.99"
"0706941977021514","R$ 119.99"
"2985528424016182","R$ 279.99"
"5343351567559559","R$ 69.99"
"5928185952600441","R$ 139.99"
"3244392988831440","R$ 99.99"
"3947737861154586","R$ 769.99"
"3242867353210712","R$ 59.99"
"5665658096737161","R$ 689.99"
"0290023624845720","R$ 169.99"
"3520864634988850","R$ 149.99"
"2637188110144676","R$ 169.99"
"4669993933678079","R$ 209.99"
"5241354438446912","R$ 249.99"
"2439458788770038","R$ 119.99"
"1415455925409224","R$ 309.99"
"4025780632500193","R$ 189.99"
"6078073133608109","R$ 339.99"
"2509523098874193","R$ 89.99"
"0369842122176167","R$ 129.99"
"2181512822767925","R$ 129.99"
"0259632053983717","R$ 349.99"
"8471990129721504","R$ 209.99"
"8705645029092690","R$ 189.99"
"2424577849745458","R$ 109.99"
"8546541268817504","R$ 199.99"
"9958947677036276","R$ 89.99"
"0029249275196260","R$ 149.99"
"1150905716106746","R$ 139.99"
"3136529803721713","R$ 189.99"
"4044471987969304","R$ 139.99"
"5968248537852510","R$ 89.99"
"4687951913668760","R$ 89.99"
"1156877269494810","R$ 129.99"
"4693834745352664","R$ 179.99"
"0032843355303446","R$ 139.99"
"8422827661854369","R$ 59.99"
"4891384732098005","R$ 99.99"
"8220109248500732","R$ 99.99"
"0799389814066747","R$ 149.99"
"0519600593057483","R$ 109.99"
"8620506063927888","R$ 109.99"
"9577777445496555","R$ 289.99"
"1112413828153838","R$ 119.99"
"8101164074454149","R$ 109.99"
"9539656326375372","R$ 199.99"
